Username,Post Timing,Caption,Image URL,Post URL
"stevendavisjr
","2d
","in a Blue Supermoon.
ğŸŒ•
This mornings Blue Sturgeon Supermoon setting.
August 19, 2024, 99.9% illuminated
#supermoon #bluemoon #fullmoon #moon #luna #moonawards #selenophile #moonlover #themoon #moonporn #moonoftheday #total_moon #moonatic #moonchild #moon_of_the_day #amazingmoon #amazingshotsmoon #dancinginthemoonlight #moondance #njnightskies #moonviews #moon_awards @moon_awards @moon_of_the_day #bluesturgeonmoon #fullsturgeonmoon",https://scontent-atl3-1.cdninstagram.com/v/t39.30808-6/456239490_18457298647010463_7722237289954412793_n.jpg?stp=dst-jpg_e35&efg=eyJ2ZW5jb2RlX3RhZyI6ImltYWdlX3VybGdlbi4xNDQweDE4MDAuc2RyLmYzMDgwOC5kZWZhdWx0X2ltYWdlIn0&_nc_ht=scontent-atl3-1.cdninstagram.com&_nc_cat=103&_nc_ohc=YIJC_tkwl7AQ7kNvgE2BbO1&edm=APs17CUAAAAA&ccb=7-5&ig_cache_key=MzQzODIzNTAyNjgzNDU3MDkyMA%3D%3D.2-ccb7-5&oh=00_AYDLMi27To15oGbwK9F0qCo165-hzMiKvm9q-98KiiCN6w&oe=66CD047E&_nc_sid=10d13b,https://www.instagram.com/p/C-3EIpUx76o/
"moon_of_the_day
","9h
","artist: ğŸ† @christineanneho
â€¢â€¢â€¢â€¢â€¢â€¢â€¢â€¢â€¢â€¢â€¢â€¢â€¢â€¢â€¢â€¢â€¢â€¢â€¢â€¢â€¢â€¢â€¢â€¢â€¢â€¢â€¢â€¢â€¢â€¢â€¢â€¢â€¢â€¢â€¢â€¢â€¢
Please take a moment of your time to visit their page and show some proper moon love!!
â€¢â€¢â€¢â€¢â€¢â€¢â€¢â€¢â€¢â€¢â€¢â€¢â€¢â€¢â€¢â€¢â€¢â€¢â€¢â€¢â€¢â€¢â€¢â€¢â€¢â€¢â€¢â€¢â€¢â€¢â€¢â€¢â€¢â€¢â€¢â€¢â€¢
This feature was hand picked thanks to the tireless efforts of our moon guardian:
ğŸŒœğŸ±ğŸŒ›@catindamoon ğŸ‘ˆğŸ¼
â€¢â€¢â€¢â€¢â€¢â€¢â€¢â€¢â€¢â€¢â€¢â€¢â€¢â€¢â€¢â€¢â€¢â€¢â€¢â€¢â€¢â€¢â€¢â€¢â€¢â€¢â€¢â€¢â€¢â€¢â€¢â€¢â€¢â€¢â€¢â€¢â€¢
We share epic moon images from all across the world every day so stay tuned! Be sure to tag #moon_of_the_day and tell your friends.
â€¢â€¢â€¢â€¢â€¢â€¢â€¢â€¢â€¢â€¢â€¢â€¢â€¢â€¢â€¢â€¢â€¢â€¢â€¢â€¢â€¢â€¢â€¢â€¢â€¢â€¢â€¢â€¢â€¢â€¢â€¢â€¢â€¢â€¢â€¢â€¢â€¢
Thank you so much for your support, this would not be possible without YOU!!

#moonphotography #moonset #moonrise #stars #eclipse #luna #moonlight #moonwalk #thisweekoninstagram #nightsky #nature #nature_perfection #instamoon #moonporn #moonphase #sky #sunrise #sunset #moonpics #nasa #moon #fullmoon #award_gallery #astrophotography #astrology #astronomy #space #igmoon #ğŸŒš",https://scontent-atl3-1.cdninstagram.com/v/t51.29350-15/456443038_867161711563767_5081044030604651846_n.jpg?stp=dst-jpg_e35&efg=eyJ2ZW5jb2RlX3RhZyI6ImltYWdlX3VybGdlbi4xNDQweDE3ODkuc2RyLmYyOTM1MC5kZWZhdWx0X2ltYWdlIn0&_nc_ht=scontent-atl3-1.cdninstagram.com&_nc_cat=103&_nc_ohc=9AQrPyeN3b4Q7kNvgHZRPU9&edm=APs17CUBAAAA&ccb=7-5&ig_cache_key=MzQzOTk3MTQ2NTU2ODcxNTk2NA%3D%3D.2-ccb7-5&oh=00_AYAlREjRW7btJzkb3KCap204jhzbkJXvL4rA98_H6wGI8g&oe=66CCEA5F&_nc_sid=10d13b,https://www.instagram.com/p/C-9O9J6tAS8/
"moon_of_the_day
","2d
","artist: ğŸ† @tisvlad
â€¢â€¢â€¢â€¢â€¢â€¢â€¢â€¢â€¢â€¢â€¢â€¢â€¢â€¢â€¢â€¢â€¢â€¢â€¢â€¢â€¢â€¢â€¢â€¢â€¢â€¢â€¢â€¢â€¢â€¢â€¢â€¢â€¢â€¢â€¢â€¢â€¢
Please take a moment of your time to visit their page and show some proper moon love!!
â€¢â€¢â€¢â€¢â€¢â€¢â€¢â€¢â€¢â€¢â€¢â€¢â€¢â€¢â€¢â€¢â€¢â€¢â€¢â€¢â€¢â€¢â€¢â€¢â€¢â€¢â€¢â€¢â€¢â€¢â€¢â€¢â€¢â€¢â€¢â€¢â€¢
This feature was hand picked thanks to the tireless efforts of our moon guardian:
ğŸŒœğŸ±ğŸŒ›@catindamoon ğŸ‘ˆğŸ¼
â€¢â€¢â€¢â€¢â€¢â€¢â€¢â€¢â€¢â€¢â€¢â€¢â€¢â€¢â€¢â€¢â€¢â€¢â€¢â€¢â€¢â€¢â€¢â€¢â€¢â€¢â€¢â€¢â€¢â€¢â€¢â€¢â€¢â€¢â€¢â€¢â€¢
We share epic moon images from all across the world every day so stay tuned! Be sure to tag #moon_of_the_day and tell your friends.
â€¢â€¢â€¢â€¢â€¢â€¢â€¢â€¢â€¢â€¢â€¢â€¢â€¢â€¢â€¢â€¢â€¢â€¢â€¢â€¢â€¢â€¢â€¢â€¢â€¢â€¢â€¢â€¢â€¢â€¢â€¢â€¢â€¢â€¢â€¢â€¢â€¢
Thank you so much for your support, this would not be possible without YOU!!

#moonphotography #moonset #moonrise #stars #eclipse #luna #moonlight #moonwalk #thisweekoninstagram #nightsky #nature #nature_perfection #instamoon #moonporn #moonphase #sky #sunrise #sunset #moonpics #nasa #moon #fullmoon #award_gallery #astrophotography #astrology #astronomy #space #igmoon #ğŸŒš",https://scontent-atl3-1.cdninstagram.com/v/t51.29350-15/456107049_398116246250108_6164262886898720540_n.jpg?stp=dst-jpg_e35&efg=eyJ2ZW5jb2RlX3RhZyI6ImltYWdlX3VybGdlbi4xMjgyeDg1Mi5zZHIuZjI5MzUwLmRlZmF1bHRfaW1hZ2UifQ&_nc_ht=scontent-atl3-1.cdninstagram.com&_nc_cat=108&_nc_ohc=NzEOXwrcphgQ7kNvgHhbkre&edm=APs17CUBAAAA&ccb=7-5&ig_cache_key=MzQzODU0MDMyNjcxNTEyOTEzMg%3D%3D.2-ccb7-5&oh=00_AYC0oA4JOTeM10hNqAdf56DTcvPHrSIO1iTcvokn8XpArg&oe=66CD05AC&_nc_sid=10d13b,https://www.instagram.com/p/C-4JjV_tf0s/
"kurochan_egao
",Edi,"ï¼†ã‚¹ãƒ¼ãƒ‘ãƒ¼ãƒ ãƒ¼ãƒ³&ã‚¹ã‚¿ãƒ¼ã‚¸ãƒ§ãƒ³ãƒ ãƒ¼ãƒ³ã§ã™ï¼
ğŸŒãƒ–ãƒ«ãƒ¼ãƒ ãƒ¼ãƒ³ï¼ˆBlue Moonï¼‰ã¯ã€å¤©æ–‡å­£ç¯€ã®ï¼”ã¤ã®æº€æœˆã®ã†ã¡ã®ï¼“ã¤ç›®ï¼ˆå­£ç¯€ã®ãƒ–ãƒ«ãƒ¼ãƒ ãƒ¼ãƒ³ï¼‰ã¾ãŸã¯æš¦æœˆã®ï¼’ã¤ç›®ã®æº€æœˆï¼ˆæš¦ã®ãƒ–ãƒ«ãƒ¼ãƒ ãƒ¼ãƒ³ï¼‰ã®ã“ã¨ã§ã™ã€‚
ğŸŒ1å¹´ã§æœ€ã‚‚æœˆãŒå¤§ããè¦‹ãˆã‚‹ã€Œ#ã‚¹ãƒ¼ãƒ‘ãƒ¼ãƒ ãƒ¼ãƒ³ ã€ï¼ã‚¹ãƒ¼ãƒ‘ãƒ¼ãƒ ãƒ¼ãƒ³ã¨ã¯ã€æœˆãŒåœ°çƒã«æœ€ã‚‚è¿‘ã¥ãè»Œé“ä¸Šã®ãƒã‚¤ãƒ³ãƒˆã§æº€æœˆã«ãªã‚‹ç¾è±¡ã‚’æŒ‡ã—ã¾ã™ã€‚
ã‚¹ãƒ¼ãƒ‘ãƒ¼ãƒ ãƒ¼ãƒ³ã®æº€æœˆã¯é€šå¸¸ã®æº€æœˆã‚ˆã‚Š7%å¤§ããã€16%æ˜ã‚‹ãè¦‹ãˆã¾ã™ã€‚
ğŸŒ8æœˆã®æº€æœˆã‚’ã€Œ#ã‚¹ã‚¿ãƒ¼ã‚¸ã‚§ãƒ³ãƒ ãƒ¼ãƒ³
ï¼ˆ#Sturgeon_Moon ï¼#ãƒãƒ§ã‚¦ã‚¶ãƒ¡æœˆ ï¼‰ã€ã¨å‘¼ã°ã‚Œã¦ã„ã¾ã™ğŸ¦ˆã‚¹ã‚¿ãƒ¼ã‚¸ãƒ§ãƒ³ãƒ ãƒ¼ãƒ³ã¯ã€ã€Œè‡ªç”±ã€ã€Œå€‹æ€§ã€ã€Œè‡ªç«‹ã€ã€Œå‹æƒ…ã€ã€Œå¹³å’Œã€ã€Œã‚ªãƒªã‚¸ãƒŠãƒªãƒ†ã‚£ã€ã€Œãƒãƒƒãƒˆãƒ¯ãƒ¼ã‚¯ã€ãªã©ã‚’ã‚­ãƒ¼ãƒ¯ãƒ¼ãƒ‰ã¨ã—ã¦ãŠã‚Šã€ã“ã‚Œã‚‰ã«ã¾ã¤ã‚ã‚‹é¡˜ã„äº‹ãŒå¶ã†ã¨ã•ã‚Œã¦ã„ã¾ã™ã€‚

å¤©æ°—ãŒè‰¯ããªã‹ã£ãŸã§ã™ãŒã€å¤œä¸­ã«é›²ã®åˆ‡ã‚Œã¦ç¶ºéº—ãªæœˆğŸŒãŒè¦‹ã‚Œã¾ã—ãŸğŸ˜†
å¥ã‚„ã‹ãªæ—¥ã‚’ãŠéã”ã—ä¸‹ã•ã„ï¼

#æœˆ#æº€æœˆ#æ˜Ÿç©º#ã„ã¾ãã‚‰ #ã‚¤ãƒã‚½ãƒ© #è‡ªç„¶#ä»Šæ—¥ã®ç©º#Super_moon #blue_Moon #super_blue_moon#sky#moon #moon_of_the_day #moonporn #moonpics #moon_shots#moon_awards #moon_magic #instamoon #lluna #starrysky #starrynight #globe_perfection #rising_perfection",https://scontent-atl3-1.cdninstagram.com/v/t51.29350-15/456566217_521007070383399_2999929325070043965_n.jpg?stp=dst-jpg_e35&efg=eyJ2ZW5jb2RlX3RhZyI6ImltYWdlX3VybGdlbi4xNDQweDE0NDAuc2RyLmYyOTM1MC5kZWZhdWx0X2ltYWdlIn0&_nc_ht=scontent-atl3-1.cdninstagram.com&_nc_cat=103&_nc_ohc=8IRydQSsXcAQ7kNvgHTq1zH&edm=APs17CUBAAAA&ccb=7-5&ig_cache_key=MzQzOTk3Mjk1MDMzNjE2MTk4NA%3D%3D.2-ccb7-5&oh=00_AYBQYMD6NwG5x0EZN4F4vEXxKQw7c1F445tpK2pb9ybjLQ&oe=66CCFD2E&_nc_sid=10d13b,https://www.instagram.com/p/C-9PS2yPmv1/
"ricardonasi
","2d
","esperado dia de Lua Cheia.
Dia de pensamentos positivos e de desejar coisas boas para o mundo.
Marca aquela pessoa especial e dedica essa Lua pra ela.
.
.
.
.
.
#lua #moon #fullmoon #luacheia #barretos #barretos2024",https://scontent-atl3-1.cdninstagram.com/v/t51.29350-15/456337865_364998673322263_2991380450273359643_n.jpg?stp=dst-jpg_e35&efg=eyJ2ZW5jb2RlX3RhZyI6ImltYWdlX3VybGdlbi44NzJ4MTA4OS5zZHIuZjI5MzUwLmRlZmF1bHRfaW1hZ2UifQ&_nc_ht=scontent-atl3-1.cdninstagram.com&_nc_cat=107&_nc_ohc=I5rUjB34aOMQ7kNvgHtyR3B&edm=APs17CUBAAAA&ccb=7-5&ig_cache_key=MzQzODM2NjQ3OTYzNDcwOTc0NQ%3D%3D.2-ccb7-5&oh=00_AYAlPhk6BRjYVkFr9GVtBRi7v1SoWn0xGG5I175zCR7hMw&oe=66CD2197&_nc_sid=10d13b,https://www.instagram.com/p/C-3iBiSPLzx/
"moon_of_the_day
","1d
","artist: ğŸ† @niko.vukusic
â€¢â€¢â€¢â€¢â€¢â€¢â€¢â€¢â€¢â€¢â€¢â€¢â€¢â€¢â€¢â€¢â€¢â€¢â€¢â€¢â€¢â€¢â€¢â€¢â€¢â€¢â€¢â€¢â€¢â€¢â€¢â€¢â€¢â€¢â€¢â€¢â€¢
Please take a moment of your time to visit their page and show some proper moon love!!
â€¢â€¢â€¢â€¢â€¢â€¢â€¢â€¢â€¢â€¢â€¢â€¢â€¢â€¢â€¢â€¢â€¢â€¢â€¢â€¢â€¢â€¢â€¢â€¢â€¢â€¢â€¢â€¢â€¢â€¢â€¢â€¢â€¢â€¢â€¢â€¢â€¢
This feature was hand picked thanks to the tireless efforts of our moon guardian:
ğŸŒœğŸ±ğŸŒ›@catindamoon ğŸ‘ˆğŸ¼
â€¢â€¢â€¢â€¢â€¢â€¢â€¢â€¢â€¢â€¢â€¢â€¢â€¢â€¢â€¢â€¢â€¢â€¢â€¢â€¢â€¢â€¢â€¢â€¢â€¢â€¢â€¢â€¢â€¢â€¢â€¢â€¢â€¢â€¢â€¢â€¢â€¢
We share epic moon images from all across the world every day so stay tuned! Be sure to tag #moon_of_the_day and tell your friends.
â€¢â€¢â€¢â€¢â€¢â€¢â€¢â€¢â€¢â€¢â€¢â€¢â€¢â€¢â€¢â€¢â€¢â€¢â€¢â€¢â€¢â€¢â€¢â€¢â€¢â€¢â€¢â€¢â€¢â€¢â€¢â€¢â€¢â€¢â€¢â€¢â€¢
Thank you so much for your support, this would not be possible without YOU!!

#moonphotography #moonset #moonrise #stars #eclipse #luna #moonlight #moonwalk #thisweekoninstagram #nightsky #nature #nature_perfection #instamoon #moonporn #moonphase #sky #sunrise #sunset #moonpics #nasa #moon #fullmoon #award_gallery #astrophotography #astrology #astronomy #space #igmoon #ğŸŒš",https://scontent-atl3-1.cdninstagram.com/v/t51.29350-15/456236458_870164995043811_4890085000513283093_n.jpg?stp=dst-jpg_e35&efg=eyJ2ZW5jb2RlX3RhZyI6ImltYWdlX3VybGdlbi4xNDQweDE3OTUuc2RyLmYyOTM1MC5kZWZhdWx0X2ltYWdlIn0&_nc_ht=scontent-atl3-1.cdninstagram.com&_nc_cat=103&_nc_ohc=ZFUsseBzbcwQ7kNvgH-o7ae&edm=APs17CUBAAAA&ccb=7-5&ig_cache_key=MzQzOTIzODg2ODUxNzc0MTI0OA%3D%3D.2-ccb7-5&oh=00_AYDlj6BQfTmWkh2YxOs2g_QQ9kMOBTTBaHBd0fZmhOiGcQ&oe=66CCEC5C&_nc_sid=10d13b,https://www.instagram.com/p/C-6oYdvt2LA/
"guzmanramos90
",18h,"y quedarme a vivir en ti.
.
.
.
.
.
.
.
.
.
.
.
.
.
.
.
.
.
.
.
.
.
.
.
.
.
.
.
.
.
.
.
.
#fullmoon #moonset #moon_awards #moonphotography #moon_of_the_day #quepeladoguate #astrophotography #ig_astrophotography #laluna #lunallena #selenophile #nasa #natgeoshot #natgeospace #spacex #landscapephotography #moonlovers #moon #themoon #selenofilia #astrophoto #natgeo #photographylovers #guateimpresionante #moonphases",https://scontent-atl3-2.cdninstagram.com/v/t51.29350-15/455904994_1057513719294431_1717606070892264199_n.heic?stp=dst-jpg_e35&efg=eyJ2ZW5jb2RlX3RhZyI6ImltYWdlX3VybGdlbi4xNDQweDE4MDAuc2RyLmYyOTM1MC5kZWZhdWx0X2ltYWdlIn0&_nc_ht=scontent-atl3-2.cdninstagram.com&_nc_cat=111&_nc_ohc=sxdgE6bpqSQQ7kNvgHu4mvc&edm=APs17CUBAAAA&ccb=7-5&ig_cache_key=MzQzOTcxMTMwNjEwNDEyNjUxNQ%3D%3D.2-ccb7-5&oh=00_AYChX9OPv4nNgLQ7MbXeg6r5wt8GPIBbDUu1I3LQihrrIA&oe=66CD01D5&_nc_sid=10d13b,https://www.instagram.com/p/C-8TzViOzwz/
"garyhershorn
",Edi,"Sturgeon Moon illuminated at 97 percent rises together with Saturn, the dot in the top left behind the Empire State Building in New York City, Tuesday evening.
#newyork #newyorkcity #nyc @EmpireStateBldg #SturgeonMoon #moon",https://scontent-atl3-2.cdninstagram.com/v/t51.29350-15/456300899_2343278165879269_6751124725564770476_n.heic?stp=dst-jpg_e35&efg=eyJ2ZW5jb2RlX3RhZyI6ImltYWdlX3VybGdlbi4xNDQweDE3NTMuc2RyLmYyOTM1MC5kZWZhdWx0X2ltYWdlIn0&_nc_ht=scontent-atl3-2.cdninstagram.com&_nc_cat=101&_nc_ohc=qM2f7HvFGkQQ7kNvgF8vMqp&edm=APs17CUBAAAA&ccb=7-5&ig_cache_key=MzQzOTIxMjI5MDE2OTQzOTkwOA%3D%3D.2-ccb7-5&oh=00_AYC3Oa8JW2BmPDnm8y-S-cn37vWghcdplkFIkj3WxMnyIQ&oe=66CD1DE1&_nc_sid=10d13b,https://www.instagram.com/p/C-6iVsutQak/
"a_guy_named_eric
","2d
","super blue moon!!ğŸŒ•
Yeah, I know, it doesnâ€™t look blue. ğŸ˜‚
This is a single shot at 600mm.
#moon #moon_of_the_day #superbluemoon #nightscaper #yourshotphotographer #discovery #bbcearth #artofvisuals #earthpix #sky_brilliance",https://scontent-atl3-1.cdninstagram.com/v/t51.29350-15/455956577_1184315319468903_5057009571260702898_n.jpg?stp=dst-jpg_e35&efg=eyJ2ZW5jb2RlX3RhZyI6ImltYWdlX3VybGdlbi4xNDQweDE3OTkuc2RyLmYyOTM1MC5kZWZhdWx0X2ltYWdlIn0&_nc_ht=scontent-atl3-1.cdninstagram.com&_nc_cat=103&_nc_ohc=cOuZhDZMM0oQ7kNvgFmOFXH&edm=APs17CUBAAAA&ccb=7-5&ig_cache_key=MzQzODEwNjkwNTgwMjEzOTMzOA%3D%3D.2-ccb7-5&oh=00_AYBJ2-qEacu3cRE0DNOmMRqcQHBF7pqDsSxB4iJHziFkUA&oe=66CD0A9C&_nc_sid=10d13b,https://www.instagram.com/p/C-2nAPUJ2bK/
"sambinding
",20h,"moon rising yesterday evening over King Alfredâ€™s Tower, near Bruton

Second time in a week trying to get this one, along with @thebristolnomad @kirk_purnell @hannahgracerochford - itâ€™s not exactly what we were after but itâ€™s almost there. Moon photography is up there with the most annoying (and very occasionally rewarding) of photography types ğŸ˜‚

#kingalfredstower #somerset #wiltshire #moon #fullmoon #moonphotography #nasa #dcwow #appicoftheweek #outdoorphotographymagazine #cheeseball",https://scontent-atl3-2.cdninstagram.com/v/t51.29350-15/456147100_377974982002043_7042792239731655150_n.jpg?stp=dst-jpg_e35&efg=eyJ2ZW5jb2RlX3RhZyI6ImltYWdlX3VybGdlbi4xNDQweDE3OTYuc2RyLmYyOTM1MC5kZWZhdWx0X2ltYWdlIn0&_nc_ht=scontent-atl3-2.cdninstagram.com&_nc_cat=111&_nc_ohc=Sf7g4ewoow4Q7kNvgF8A-od&edm=APs17CUBAAAA&ccb=7-5&ig_cache_key=MzQzOTYyNjQ3OTM1ODQ2MTI3Mg%3D%3D.2-ccb7-5&oh=00_AYCQL_5X1hANJZNx0_lSeTsbacUKNZNcmGt4iDqOagk6_w&oe=66CCF353&_nc_sid=10d13b,https://www.instagram.com/p/C-8Ag8eMEVY/
"j.segura__
",23h,"Occultation â€¢ 21-08-2024

The weather forecast was bad, clouds everywhere, but I had faith. I had many problems because of this, the exposure and gain of Saturn and the Moon are very different and if we add the clouds to the formulaâ€¦ ğŸ˜…

This is not the best composite you will see in the social media, but for me it is more natural. Saturn is taken from the video where it is occulting and the photo of the moon was taken 30 min before.

But the best of this was to see it and capture it live ğŸ¤©

I hope you like it! â¤ï¸

Equipment:

ğŸ”­ Celestron C11 XLT
ğŸ“¸ Asi462MC
ğŸªADC ZWO
.
.
.
#saturn #saturno #moon #moonlovers #moonlight #moonphotography #solarsystem #astrophotography #astrofotografia #astronomy #cosmos #space #universe #youresa #celestron #telescope #fullmoon",https://scontent-atl3-1.cdninstagram.com/v/t39.30808-6/456405624_18025237769359868_3192658826458447940_n.jpg?stp=dst-jpg_e35&efg=eyJ2ZW5jb2RlX3RhZyI6ImltYWdlX3VybGdlbi4xMDgxeDEyMzMuc2RyLmYzMDgwOC5kZWZhdWx0X2ltYWdlIn0&_nc_ht=scontent-atl3-1.cdninstagram.com&_nc_cat=108&_nc_ohc=QHSantzjK3EQ7kNvgE63xvR&edm=APs17CUAAAAA&ccb=7-5&ig_cache_key=MzQzOTU1OTAyMTg3MjUwNTgyMQ%3D%3D.2-ccb7-5&oh=00_AYCjFxbM3hXGdbqcYia3XsQZrM2hrYKuvnmOhq_7XTsw5g&oe=66CD1024&_nc_sid=10d13b,https://www.instagram.com/p/C-7xLX2stz0/
"yakupayd1n
","2d
","the moon shines, so does our bond ğŸ–¤ğŸŒ•ğŸ¤
.
C428
.
#moonart #cats #loveart #catillustrations #moonillustration #moon #moonlight #iloveyou #ãƒãƒ³ãƒ‰ãƒ¡ã‚¤ãƒ‰ #ã‚­ãƒ£ãƒ©ã‚¯ã‚¿ãƒ¼ #ã‚ªãƒªã‚¸ãƒŠãƒ« #å‹•ç‰© #æ°´å½©ç”» #ã‚¤ãƒ©ã‚¹ãƒˆ #ã‚¤ãƒ©ã‚¹ãƒˆãƒ¬ãƒ¼ã‚·ãƒ§ãƒ³ #é»‘è²“ #ç™½è²“ #blackandwhitecat #çµµ #ã‚¤ãƒ©ã‚¹ãƒˆãƒ¬ãƒ¼ #çµµæœ¬ #è‰åœ– #midjourneyart #illustrationartists #moonlovers #mooncat #bnwart #catpainting #goodnightmoon",https://scontent-atl3-1.cdninstagram.com/v/t51.29350-15/456311518_496744266431146_2441209615822129798_n.webp?stp=dst-jpg_e35&efg=eyJ2ZW5jb2RlX3RhZyI6ImltYWdlX3VybGdlbi4xMDgweDEzNTAuc2RyLmYyOTM1MC5kZWZhdWx0X2ltYWdlIn0&_nc_ht=scontent-atl3-1.cdninstagram.com&_nc_cat=110&_nc_ohc=e-O6hhyWeJwQ7kNvgH4u5UW&edm=APs17CUBAAAA&ccb=7-5&ig_cache_key=MzQzODIzOTc3MzUwNzU4MDQyNA%3D%3D.2-ccb7-5&oh=00_AYCZQBsmuc8dWIBAWAXBrxJh-HE2_UPxuAO_frI3KDVyow&oe=66CCF473&_nc_sid=10d13b,https://www.instagram.com/p/C-3FNuAifII/
"stevendavisjr
",Edi,"the Blue Supermoonâ€¦
ğŸŒ•ğŸ’™
This mornings setting Waning Gibbous Moon and her shades of blue through sunrise. â©ï¸ Please scroll
August 21 2024, 96-95.5% illuminated
â€¢
#supermoon #bluemoon #fullmoon #moon #luna #moonawards #selenophile #moonlover #themoon #moonporn #moonoftheday #total_moon #moonatic #moonchild #moon_of_the_day #amazingmoon #amazingshotsmoon #waningmoon #moondance #waninggibbous #moonviews #moon_awards @moon_awards @moon_of_the_day #bluesturgeonmoon #fullsturgeonmoon",https://scontent-atl3-1.cdninstagram.com/v/t39.30808-6/456243372_18457641778010463_8702746076849370415_n.jpg?stp=dst-jpg_e35&efg=eyJ2ZW5jb2RlX3RhZyI6ImltYWdlX3VybGdlbi4xNDQweDE4MDAuc2RyLmYzMDgwOC5kZWZhdWx0X2ltYWdlIn0&_nc_ht=scontent-atl3-1.cdninstagram.com&_nc_cat=103&_nc_ohc=v8mkwMcQWTUQ7kNvgHrPBcQ&edm=APs17CUAAAAA&ccb=7-5&ig_cache_key=MzQzOTYwOTE2MTUwNjM4MTQ3Mg%3D%3D.2-ccb7-5&oh=00_AYD4WZi_6DkTLt1bCfOA1CfmkL9RzvSgja6KoFyKXeZe0A&oe=66CCF85F&_nc_sid=10d13b,https://www.instagram.com/p/C-78lFhRKTk/
"English
Afrikaans
Ø§Ù„Ø¹Ø±Ø¨ÙŠØ©
ÄŒeÅ¡tina
Dansk
Deutsch
Î•Î»Î»Î·Î½Î¹ÎºÎ¬
English
English",(UK,"(EspaÃ±a)
EspaÃ±ol
ÙØ§Ø±Ø³ÛŒ
Suomi
FranÃ§ais
×¢×‘×¨×™×ª
Bahasa Indonesia
Italiano
æ—¥æœ¬èª
í•œêµ­ì–´
Bahasa Melayu
Norsk
Nederlands
Polski
PortuguÃªs (Brasil)
PortuguÃªs (Portugal)
Ğ ÑƒÑÑĞºĞ¸Ğ¹
Svenska
à¸ à¸²à¸©à¸²à¹„à¸—à¸¢
Filipino
TÃ¼rkÃ§e
ä¸­æ–‡(ç®€ä½“)
ä¸­æ–‡(å°ç£)
à¦¬à¦¾à¦‚à¦²à¦¾
àª—à«àªœàª°àª¾àª¤à«€
à¤¹à¤¿à¤¨à¥à¤¦à¥€
Hrvatski
Magyar
à²•à²¨à³à²¨à²¡
à´®à´²à´¯à´¾à´³à´‚
à¤®à¤°à¤¾à¤ à¥€
à¤¨à¥‡à¤ªà¤¾à¤²à¥€
à¨ªà©°à¨œà¨¾à¨¬à©€
à·ƒà·’à¶‚à·„à¶½
SlovenÄina
à®¤à®®à®¿à®´à¯
à°¤à±†à°²à±à°—à±
Ø§Ø±Ø¯Ùˆ
Tiáº¿ng Viá»‡t
ä¸­æ–‡(é¦™æ¸¯)
Ğ‘ÑŠĞ»Ğ³Ğ°Ñ€ÑĞºĞ¸
FranÃ§ais (Canada)
RomÃ¢nÄƒ
Ğ¡Ñ€Ğ¿ÑĞºĞ¸
Ğ£ĞºÑ€Ğ°Ñ—Ğ½ÑÑŒĞºĞ°",https://scontent-atl3-2.cdninstagram.com/v/t39.30808-6/456455255_18451126771038758_6334822862205674289_n.jpg?se=-1&stp=cp6_dst-jpegr_e35&efg=eyJ2ZW5jb2RlX3RhZyI6ImltYWdlX3VybGdlbi4xNDQweDE0NDAuaGRyLmYzMDgwOC5kZWZhdWx0X2ltYWdlIn0&_nc_ht=scontent-atl3-2.cdninstagram.com&_nc_cat=102&_nc_ohc=uOyrQcdSrIkQ7kNvgGcV_3D&edm=APs17CUAAAAA&ccb=7-5&ig_cache_key=MzQzOTU4Mzc3OTIzMTgxNTI3MA%3D%3D.2-ccb7-5&oh=00_AYB7qaMkIbBJFUM1if91x8m8Khy26o0BJTlA79_nmMxv5Q&oe=66CCF897&_nc_sid=10d13b,https://www.instagram.com/p/C-72zk4TtZm/
"ryanzipp
","1d
","Moonâ€ The night before and night of a full moon are my chances every month to capture this amazing event to share with you all. Unfortunately here in Connecticut and much of New England rain & clouds decided to crash the party during moonrise. Last night I went down by the shore in neighboring Madison, CT to see if the clouds would clear in time, but during moonrise it was a wild storm complete with a downpour and lightning. I was actually able to see the moon glowing slightly through my windshield during this for less than a minute before disappearing again in the dark storm clouds. After the heavy rain passed Mother Natureâ€™s fireworks continued and I instead focused on capturing them with my phone camera. I may actually post a cool image I was able to pull from this and share so keep an eye out. Since I didnâ€™t capture the moon I wanted to share this image of a previous Augustâ€™s Super Blue Moon in my hometown of Guilford, CT. I have to mention how ridiculous it is to see the posts showing an actual blue colored moon when promoting this â€œblue moonâ€ every year as it has nothing to do with its color and another ridiculous editing display by many. When it showed up in between thick clouds it was a shade of orange like it always is when it is rising above the horizon. As I got higher up the color faded into its more usual brighter self as it slipped perfectly in between the clouds. I love how the clouds around the moon provide extra elements and drama to the scene instead of just having the moon sitting solo in a clear sky. Like most of my moonscape images this was captured using my Canon R5 body + Canon RF 100-500mm lens (@500mm) which has become my go to rig. Also for any other photographers that ask for settings: ISO 1600, f7.1, 1/125 sec.
â€¢
â€¢
â€¢
â€¢
â€¢
#bluemoon #newengland #mynewengland #connecticut #supermoon #moon #fullmoon",https://scontent-atl3-1.cdninstagram.com/v/t51.29350-15/456244833_1500103877284724_1198143304664873763_n.jpg?stp=dst-jpg_e35&efg=eyJ2ZW5jb2RlX3RhZyI6ImltYWdlX3VybGdlbi4xMzUweDE2ODcuc2RyLmYyOTM1MC5kZWZhdWx0X2ltYWdlIn0&_nc_ht=scontent-atl3-1.cdninstagram.com&_nc_cat=108&_nc_ohc=Rx7c4-5OJyEQ7kNvgFf6S99&edm=APs17CUBAAAA&ccb=7-5&ig_cache_key=MzQzODgxMTI3ODc3OTc4MjU1MA%3D%3D.2-ccb7-5&oh=00_AYAqQI2DwitUOrgvjTqSS3nH7vQz6Lw8BTp2oONDnU2zoQ&oe=66CD14A1&_nc_sid=10d13b,https://www.instagram.com/p/C-5HKNxRpWW/
"gioboretti
",21h,"trees

#trees #forest #wood #moon #bloodmoon #red #darkness #dark #trees_of_darkness_ #darkness_fantasy #darkside #instadark #darkvibes #darkmood #mist #witchcraft #vampire #occult #pagan #blackmetal #metalhead #reflections #deathmetal #mysterious #gloomy #beautiful #night #wolfmoon #the_mirror_of_our_souls #moonshine",https://scontent-atl3-1.cdninstagram.com/v/t51.29350-15/456443041_1243627396816208_8004563242953457580_n.jpg?stp=dst-jpg_e35&efg=eyJ2ZW5jb2RlX3RhZyI6ImltYWdlX3VybGdlbi4xNDQweDE0MDkuc2RyLmYyOTM1MC5kZWZhdWx0X2ltYWdlIn0&_nc_ht=scontent-atl3-1.cdninstagram.com&_nc_cat=108&_nc_ohc=s5wHbYHIe8AQ7kNvgFqFOLB&edm=APs17CUBAAAA&ccb=7-5&ig_cache_key=MzQzOTYwMDUzNDAxMzg1MjA0Mw%3D%3D.2-ccb7-5&oh=00_AYDeaVM-LHtlj9zqklKrnOXTF807h8K-hMW7i7RXt8wp7A&oe=66CD0471&_nc_sid=10d13b,https://www.instagram.com/p/C-76nY_I7mL/
"abzjharding
","1d
","wip

#art #painting #ink #parliamentofrooks #gothic #gothichorror #artistsoninstagram #artists #eldritchhorror #corvids #demon #moon #comics #darkfantasy #ink #inkpainting",https://scontent-atl3-1.cdninstagram.com/v/t51.29350-15/456311199_807238817921604_6560679047525378319_n.heic?stp=dst-jpg_e35&efg=eyJ2ZW5jb2RlX3RhZyI6ImltYWdlX3VybGdlbi4xNDQweDE4MDAuc2RyLmYyOTM1MC5kZWZhdWx0X2ltYWdlIn0&_nc_ht=scontent-atl3-1.cdninstagram.com&_nc_cat=100&_nc_ohc=IgT9wXKuUnYQ7kNvgEJ_Lpa&edm=APs17CUBAAAA&ccb=7-5&ig_cache_key=MzQzOTEyNzAzOTc0ODc3ODAzOQ%3D%3D.2-ccb7-5&oh=00_AYADdb8bzwWsdUwSOa5whCZausjHyQgG9TSwWwkUCgM8Bw&oe=66CD0F69&_nc_sid=10d13b,https://www.instagram.com/p/C-6O9TIKvuL/
"elliotmcgucken
","2d
",Eye: Full Moon Arches National Park Utah North Window Arch Fuji GFX100s Medium Format Fine Art Landscape Nature Photography Super Moonâ€” See more golden ratio harmonies @goldennumberratio !! #landscapephotography #special_shots #archesnp #supermoon #archesnps #fullmoon #nationalparkservice #igtravel #utahfineart #waycoolshots #igpodium #nationalparks #fullmoonutah #explorer #utaharches #fujigfx100s #visitutah #utaharches #archesnationalpark #archesnationalparkart #fineartphotography #mastershots #utahfineart #northwindowarch #archesnationalparkart #fineartlandscapephotography #landscapephotography #archesnps #moon #archesnationalpark #earthpix #dreamworldimages #exploreutah #archesnatlpark #fullmoonarch #explore,https://scontent-atl3-1.cdninstagram.com/v/t39.30808-6/456316197_18365156434102340_8700608379746241394_n.jpg?stp=dst-jpg_e35&efg=eyJ2ZW5jb2RlX3RhZyI6ImltYWdlX3VybGdlbi4xNDQweDE0NDAuc2RyLmYzMDgwOC5kZWZhdWx0X2ltYWdlIn0&_nc_ht=scontent-atl3-1.cdninstagram.com&_nc_cat=108&_nc_ohc=w2Fj6OrTZJYQ7kNvgHe4icH&edm=APs17CUAAAAA&ccb=7-5&ig_cache_key=MzQzODgwNTgyMDgzMDYyNTM4Ng%3D%3D.2-ccb7-5&oh=00_AYD3BusgXtYgzdT3rYdlhO1IGrJtnhxYz4OH2TL3PZnTZg&oe=66CCF2BE&_nc_sid=10d13b,https://www.instagram.com/p/C-5F6yqJ65q/
"look_at_my_clean_nails
",18h,"used BIAP in the shade â€˜pineberryâ€™ ğŸ’œ
â€¢
â€¢
â€¢
Product from @madamepolkadots Used nailprep @staleks_official #clean #nails #nailsantwerpen #nailinspo #nailsofinstagram #nailsoftheday #russianmanicure #manicure #ĞºĞ¾Ğ¼Ğ±Ğ¸Ğ¼Ğ°Ğ½Ğ¸ĞºÑÑ€ #biab #moon #sparkle #sparklenails #staleks #stalekspro #staleksofficial #pineberry #macro #closeup",https://scontent-atl3-1.cdninstagram.com/v/t51.29350-15/455672747_1221235275541890_3725016743451408194_n.jpg?stp=dst-jpg_e35&efg=eyJ2ZW5jb2RlX3RhZyI6ImltYWdlX3VybGdlbi4xNDQweDE4MDAuc2RyLmYyOTM1MC5kZWZhdWx0X2ltYWdlIn0&_nc_ht=scontent-atl3-1.cdninstagram.com&_nc_cat=106&_nc_ohc=zs-ZFDq0yt4Q7kNvgGbuBHp&edm=APs17CUBAAAA&ccb=7-5&ig_cache_key=MzQzOTY4NzI5ODIwOTczMjc4Nw%3D%3D.2-ccb7-5&oh=00_AYDKG9CRAnLGlhq0XilJWFeSbBgY3ZO9wF-y9SRpdt3PUQ&oe=66CCF8B1&_nc_sid=10d13b,https://www.instagram.com/p/C-8OV-cNtiz/
"astronomiainterestelar
",15h,"Pessoas de diferentes paÃ­ses veem a Lua de diferentes formas ao mesmo tempo...

A diferenÃ§a na forma como a Lua Ã© vista entre o HemisfÃ©rio Norte e o HemisfÃ©rio Sul acontece devido Ã  curvatura da Terra. Como a Terra Ã© esfÃ©rica, a orientaÃ§Ã£o de quem observa a Lua varia conforme a posiÃ§Ã£o geogrÃ¡fica.

No HemisfÃ©rio Norte, os observadores veem a Lua de uma forma, enquanto no HemisfÃ©rio Sul, a mesma Lua parece estar de cabeÃ§a para baixo em relaÃ§Ã£o ao que Ã© visto no Norte. Isso ocorre porque, ao mudar de hemisfÃ©rio, vocÃª estÃ¡ basicamente ""invertendo"" seu ponto de vista em relaÃ§Ã£o ao espaÃ§o. Ã‰ como se vocÃª estivesse olhando a Lua de ""ponta-cabeÃ§a"" em comparaÃ§Ã£o com uma pessoa do outro hemisfÃ©rio.

Esse fenÃ´meno tambÃ©m pode ser observado ao viajar entre hemisfÃ©rios; as constelaÃ§Ãµes e outros corpos celestes tambÃ©m mudam de orientaÃ§Ã£o. Mas mesmo assim, Ã© a mesma Lua, sÃ³ que vista de Ã¢ngulos diferentes!

ğŸš€ Explore o espaÃ§o com @AstronomiaInterestelar

Â©ï¸ Images are used under creative commons

.

#astronomia #nasa #espaÃ§o #universo #sistemasolar #galaxia #estrelas #astronomiainterestelar #unidospelaastronomia #astronomy #cÃ©u #universe #lua #moon #terra #planeta #perspectiva",https://scontent-atl3-2.cdninstagram.com/v/t39.30808-6/456405176_1037684105028025_6229190303612503108_n.jpg?stp=dst-jpg_e35&efg=eyJ2ZW5jb2RlX3RhZyI6ImltYWdlX3VybGdlbi4xMDgweDExOTAuc2RyLmYzMDgwOC5kZWZhdWx0X2ltYWdlIn0&_nc_ht=scontent-atl3-2.cdninstagram.com&_nc_cat=101&_nc_ohc=4sjVqtOFYA8Q7kNvgEKUP0c&edm=APs17CUAAAAA&ccb=7-5&ig_cache_key=MzQzOTc4MzE2NzU4NDQyODc3NA%3D%3D.2-ccb7-5&oh=00_AYAv5tinXSapJlQ1V0H4t5iPNrkAQwnrK_nQD24hzUTCnA&oe=66CCEAA0&_nc_sid=10d13b,https://www.instagram.com/p/C-8kJNlPQUh/
